{"cameraMode":{"drawMode":0,"name":"Shaded","section":"Shading Mode"},"sceneLighting":true,"audioPlay":false,"sceneViewState":{"m_AlwaysRefresh":false,"showFog":true,"showSkybox":true,"showFlares":true,"showImageEffects":true,"showParticleSystems":true,"showVisualEffectGraphs":true,"m_FxEnabled":true},"in2DMode":false,"pivot":{"x":-1.0114734172821046,"y":1.3868951797485352,"z":-7.577854156494141},"rotation":{"x":0.004377749748528004,"y":0.9950971007347107,"z":-0.04839527606964111,"w":0.08927129954099655},"size":6.995142459869385,"orthographic":true}